<?xml version="1.0" encoding="UTF-8"?>
<!DOCTYPE mapper
 PUBLIC "-//mybatis.org//DTD Mapper 3.0//EN"
 "https://mybatis.org/dtd/mybatis-3-mapper.dtd">
 
<mapper namespace="Reservation">

	<select id="searchRoom" parameterType="hashmap" resultType="roomdto">
		SELECT * FROM room WHERE R_ID NOT in(
            SELECT R_ID 
            FROM RESERVATION r 
            WHERE RES_CHECKIN = #{checkin_date} 
            OR  (RES_CHECKIN &lt; #{checkin_date}  AND RES_CHECKOUT &gt; #{checkout_date})
            OR  (RES_CHECKIN &gt; #{checkin_date}  AND RES_CHECKIN &lt; #{checkout_date} ))
	</select>
	
	<!-- 예약 내역 insert -->
	<insert id="insertReservation" parameterType="reservationdto">
		INSERT INTO RESERVATION 
      	VALUES (res_no_seq.nextval, #{u_id}, #{res_adults}, #{res_kids}, #{res_checkin}, #{res_checkout}, #{res_rtype}, #{res_price}, TO_CHAR(SYSDATE, 'YYYY-MM-DD'), #{r_id})
    </insert>
	
	<!-- 예약내역 개수 -->
	<!-- <select id="getReservationCnt" resultType="_int">
		SELECT count(*) FROM RESERVATION 
		WHERE U_ID = #{u_id}
	</select> -->

	<!-- 예약 내역 리스트 select -->
	<select id="selectReservation" parameterType="String" resultType="reservationdto">
		SELECT * FROM RESERVATION WHERE u_id = #{u_id}
	</select>

<!-- 	<delete id="res_delete" parameterType="_int"> -->
		
<!-- 	</delete> -->
</mapper>